{"cameraMode":{"drawMode":0,"name":"Shaded","section":"Shading Mode"},"sceneLighting":false,"audioPlay":false,"sceneViewState":{"showFog":true,"showMaterialUpdate":true,"showSkybox":false,"showFlares":true,"showImageEffects":true,"showParticleSystems":true},"in2DMode":false,"pivot":{"x":-2.16622257232666,"y":0.7253822684288025,"z":1.52232027053833},"rotation":{"x":-0.01706448383629322,"y":0.9797059893608093,"z":-0.17554503679275514,"w":-0.09523513168096543},"size":1.1013833284378052,"orthographic":false}