{"cameraMode":{"drawMode":0,"name":"Shaded","section":"Shading Mode"},"sceneLighting":true,"audioPlay":false,"sceneViewState":{"showFog":false,"showMaterialUpdate":false,"showSkybox":true,"showFlares":false,"showImageEffects":false,"showParticleSystems":false},"in2DMode":false,"pivot":{"x":4.844173431396484,"y":3.6768219470977785,"z":8.558197975158692},"rotation":{"x":-0.192795068025589,"y":0.7930299639701843,"z":-0.483824223279953,"w":-0.3160114288330078},"size":0.14311844110488892,"orthographic":false}