{"cameraMode":{"drawMode":0,"name":"Shaded","section":"Shading Mode"},"sceneLighting":true,"audioPlay":false,"sceneViewState":{"showFog":true,"showMaterialUpdate":true,"showSkybox":true,"showFlares":true,"showImageEffects":true,"showParticleSystems":true},"in2DMode":false,"pivot":{"x":-1.503042221069336,"y":3.7151548862457277,"z":-4.982916831970215},"rotation":{"x":0.0523480623960495,"y":0.9339175224304199,"z":-0.31864047050476076,"w":0.1534980684518814},"size":3.968060255050659,"orthographic":false}