{"cameraMode":{"drawMode":0,"name":"Shaded","section":"Shading Mode"},"sceneLighting":false,"audioPlay":false,"sceneViewState":{"showFog":true,"showMaterialUpdate":true,"showSkybox":false,"showFlares":true,"showImageEffects":true,"showParticleSystems":true},"in2DMode":false,"pivot":{"x":0.004703998565673828,"y":-0.1657889187335968,"z":2.9214487075805666},"rotation":{"x":-0.1827961802482605,"y":-0.722690224647522,"z":0.20867207646369935,"w":-0.6330639719963074},"size":4.693615913391113,"orthographic":false}