{"cameraMode":{"drawMode":0,"name":"Shaded","section":"Shading Mode"},"sceneLighting":true,"audioPlay":false,"sceneViewState":{"showFog":false,"showMaterialUpdate":false,"showSkybox":true,"showFlares":false,"showImageEffects":false,"showParticleSystems":false},"in2DMode":false,"pivot":{"x":-21.798234939575197,"y":-0.4656447172164917,"z":-23.686315536499025},"rotation":{"x":0.0831054225564003,"y":0.49142172932624819,"z":-0.04715969040989876,"w":0.8656837940216065},"size":4.127429008483887,"orthographic":false}