{"cameraMode":{"drawMode":0,"name":"Shaded","section":"Shading Mode"},"sceneLighting":false,"audioPlay":false,"sceneViewState":{"showFog":false,"showMaterialUpdate":false,"showSkybox":false,"showFlares":false,"showImageEffects":false,"showParticleSystems":false},"in2DMode":false,"pivot":{"x":-8.536521911621094,"y":11.13070297241211,"z":-6.872625350952148},"rotation":{"x":0.26708245277404787,"y":0.6660551428794861,"z":-0.27870240807533266,"w":0.6382808089256287},"size":2.579779624938965,"orthographic":false}