{"cameraMode":{"drawMode":0,"name":"Shaded","section":"Shading Mode"},"sceneLighting":true,"audioPlay":false,"sceneViewState":{"showFog":true,"showMaterialUpdate":true,"showSkybox":true,"showFlares":true,"showImageEffects":true,"showParticleSystems":true},"in2DMode":false,"pivot":{"x":-96.70037841796875,"y":-8.481311798095704,"z":-21.646163940429689},"rotation":{"x":-0.2667365074157715,"y":-0.0894647166132927,"z":0.024954626336693765,"w":-0.9593353271484375},"size":33.54804992675781,"orthographic":false}