{"cameraMode":{"drawMode":0,"name":"Shaded","section":"Shading Mode"},"sceneLighting":false,"audioPlay":false,"sceneViewState":{"showFog":true,"showMaterialUpdate":true,"showSkybox":false,"showFlares":true,"showImageEffects":true,"showParticleSystems":true},"in2DMode":false,"pivot":{"x":1.1920928955078126e-7,"y":0.5385574698448181,"z":0.0005936026573181152},"rotation":{"x":-0.23075537383556367,"y":0.2028527855873108,"z":-0.049258578568696979,"w":-0.9503642320632935},"size":1.1013833284378052,"orthographic":false}