{"cameraMode":{"drawMode":0,"name":"Shaded","section":"Shading Mode"},"sceneLighting":true,"audioPlay":false,"sceneViewState":{"showFog":true,"showMaterialUpdate":true,"showSkybox":true,"showFlares":true,"showImageEffects":true,"showParticleSystems":true},"in2DMode":false,"pivot":{"x":2.7230453491210939,"y":-0.8243197202682495,"z":5.977442741394043},"rotation":{"x":0.20383474230766297,"y":0.2338303029537201,"z":-0.050205960869789126,"w":0.9493440985679627},"size":6.462406158447266,"orthographic":false}