{"cameraMode":{"drawMode":0,"name":"Shaded","section":"Shading Mode"},"sceneLighting":false,"audioPlay":false,"sceneViewState":{"showFog":true,"showMaterialUpdate":true,"showSkybox":false,"showFlares":true,"showImageEffects":true,"showParticleSystems":true},"in2DMode":false,"pivot":{"x":1.7200000286102296,"y":0.14539670944213868,"z":-1.3024623394012452},"rotation":{"x":-0.1827961802482605,"y":-0.722690224647522,"z":0.20867207646369935,"w":-0.6330639719963074},"size":2.95949649810791,"orthographic":false}