{"cameraMode":{"drawMode":0,"name":"Shaded","section":"Shading Mode"},"sceneLighting":true,"audioPlay":false,"sceneViewState":{"showFog":true,"showMaterialUpdate":true,"showSkybox":true,"showFlares":true,"showImageEffects":true,"showParticleSystems":true},"in2DMode":false,"pivot":{"x":-6.59647798538208,"y":6.473496913909912,"z":1.1329457759857178},"rotation":{"x":-0.188192218542099,"y":-0.6080085635185242,"z":0.15134046971797944,"w":-0.7563462853431702},"size":4.662974834442139,"orthographic":false}