{"cameraMode":{"drawMode":0,"name":"Shaded","section":"Shading Mode"},"sceneLighting":false,"audioPlay":false,"sceneViewState":{"showFog":true,"showMaterialUpdate":true,"showSkybox":false,"showFlares":true,"showImageEffects":true,"showParticleSystems":true},"in2DMode":false,"pivot":{"x":7.239445686340332,"y":-7.6015825271606449,"z":-4.698924541473389},"rotation":{"x":-0.23075537383556367,"y":0.2028527855873108,"z":-0.049258578568696979,"w":-0.9503642320632935},"size":1.4763131141662598,"orthographic":false}