{"cameraMode":{"drawMode":0,"name":"Shaded","section":"Shading Mode"},"sceneLighting":true,"audioPlay":false,"sceneViewState":{"showFog":true,"showMaterialUpdate":true,"showSkybox":false,"showFlares":true,"showImageEffects":true,"showParticleSystems":true},"in2DMode":false,"pivot":{"x":0.12300002574920654,"y":0.9480000734329224,"z":1.0264999866485596},"rotation":{"x":-0.1827961802482605,"y":-0.722690224647522,"z":0.20867207646369935,"w":-0.6330639719963074},"size":2.4638497829437258,"orthographic":false}