{"cameraMode":{"drawMode":0,"name":"Shaded","section":"Shading Mode"},"sceneLighting":true,"audioPlay":false,"sceneViewState":{"showFog":true,"showMaterialUpdate":true,"showSkybox":true,"showFlares":true,"showImageEffects":true,"showParticleSystems":true},"in2DMode":false,"pivot":{"x":1.4480420351028443,"y":0.9726585149765015,"z":-1.2964757680892945},"rotation":{"x":-0.23075537383556367,"y":0.2028527855873108,"z":-0.049258578568696979,"w":-0.9503642320632935},"size":3.7379345893859865,"orthographic":false}