{"cameraMode":{"drawMode":0,"name":"Shaded","section":"Shading Mode"},"sceneLighting":true,"audioPlay":false,"sceneViewState":{"showFog":true,"showMaterialUpdate":true,"showSkybox":false,"showFlares":true,"showImageEffects":true,"showParticleSystems":true},"in2DMode":false,"pivot":{"x":0.019711852073669435,"y":0.9554853439331055,"z":0.9360634088516235},"rotation":{"x":0.0012656059116125107,"y":-0.9806405901908875,"z":0.006171933375298977,"w":0.19584119319915772},"size":2.4894022941589357,"orthographic":false}