{"cameraMode":{"drawMode":0,"name":"Shaded","section":"Shading Mode"},"sceneLighting":false,"audioPlay":false,"sceneViewState":{"showFog":true,"showMaterialUpdate":true,"showSkybox":false,"showFlares":true,"showImageEffects":true,"showParticleSystems":true},"in2DMode":false,"pivot":{"x":1.223032832145691,"y":0.7205716967582703,"z":8.754109382629395},"rotation":{"x":0.15496620535850526,"y":0.03644528239965439,"z":-0.005719798617064953,"w":0.9872335195541382},"size":16.48657989501953,"orthographic":false}