{"cameraMode":{"drawMode":0,"name":"Shaded","section":"Shading Mode"},"sceneLighting":false,"audioPlay":false,"sceneViewState":{"showFog":true,"showMaterialUpdate":true,"showSkybox":false,"showFlares":true,"showImageEffects":true,"showParticleSystems":true},"in2DMode":false,"pivot":{"x":0.2831735908985138,"y":-7.634381294250488,"z":0.3443495035171509},"rotation":{"x":-0.11840322613716126,"y":-0.37159985303878786,"z":0.047986797988414767,"w":-0.91963130235672},"size":1.5253103971481324,"orthographic":false}