{"cameraMode":{"drawMode":0,"name":"Shaded","section":"Shading Mode"},"sceneLighting":true,"audioPlay":false,"sceneViewState":{"showFog":true,"showMaterialUpdate":true,"showSkybox":true,"showFlares":true,"showImageEffects":true,"showParticleSystems":true},"in2DMode":false,"pivot":{"x":-0.11953125149011612,"y":0.7612055540084839,"z":-0.13037696480751038},"rotation":{"x":0.23357689380645753,"y":0.18020415306091309,"z":-0.044098857790231708,"w":0.9544780850410461},"size":5.242880344390869,"orthographic":false}