{"cameraMode":{"drawMode":0,"name":"Shaded","section":"Shading Mode"},"sceneLighting":false,"audioPlay":false,"sceneViewState":{"showFog":true,"showMaterialUpdate":true,"showSkybox":false,"showFlares":true,"showImageEffects":true,"showParticleSystems":true},"in2DMode":false,"pivot":{"x":0.12300002574920654,"y":0.21050143241882325,"z":1.2164828777313233},"rotation":{"x":-0.11834082007408142,"y":-0.8455765247344971,"z":0.21017847955226899,"w":-0.47631263732910159},"size":3.0227274894714357,"orthographic":false}