{"cameraMode":{"drawMode":0,"name":"Shaded","section":"Shading Mode"},"sceneLighting":true,"audioPlay":false,"sceneViewState":{"showFog":true,"showMaterialUpdate":true,"showSkybox":true,"showFlares":true,"showImageEffects":true,"showParticleSystems":true},"in2DMode":false,"pivot":{"x":-1.5678019523620606,"y":2.247727394104004,"z":4.429555892944336},"rotation":{"x":-0.12104381620883942,"y":0.6005441546440125,"z":-0.092608243227005,"w":-0.7849546074867249},"size":5.7197160720825199,"orthographic":false}