{"cameraMode":{"drawMode":0,"name":"Shaded","section":"Shading Mode"},"sceneLighting":false,"audioPlay":false,"sceneViewState":{"showFog":true,"showMaterialUpdate":true,"showSkybox":false,"showFlares":true,"showImageEffects":true,"showParticleSystems":true},"in2DMode":false,"pivot":{"x":-108.33187103271485,"y":36.311737060546878,"z":-27.536949157714845},"rotation":{"x":0.021930888295173646,"y":0.22305083274841309,"z":-0.00501937884837389,"w":0.9745532870292664},"size":42.84564971923828,"orthographic":false}