{"cameraMode":{"drawMode":0,"name":"Shaded","section":"Shading Mode"},"sceneLighting":true,"audioPlay":false,"sceneViewState":{"showFog":true,"showMaterialUpdate":true,"showSkybox":true,"showFlares":true,"showImageEffects":true,"showParticleSystems":true},"in2DMode":false,"pivot":{"x":-112.20744323730469,"y":8.698365211486817,"z":-44.46577453613281},"rotation":{"x":-0.023087019100785257,"y":0.03780149668455124,"z":0.0007713428931310773,"w":0.9990740418434143},"size":3.007966995239258,"orthographic":false}